"id","created_at","name","has_test","alternate_url"
"69182443","2022-09-14T13:17:54+0300","Data Scientist (команда Поиска)",false,"https://hh.ru/vacancy/69182443"
"69647954","2022-09-15T09:47:19+0300","Аналитик данных / Data Analyst",true,"https://hh.ru/vacancy/69647954"
"69810054","2022-09-14T14:05:24+0300","Data Analyst (ML)",false,"https://hh.ru/vacancy/69810054"
"69724262","2022-09-15T15:51:54+0300","Data scientist",false,"https://hh.ru/vacancy/69724262"
"69749703","2022-09-16T10:32:10+0300","Data Analyst (middle/senior)",false,"https://hh.ru/vacancy/69749703"
"69876645","2022-09-16T07:01:03+0300","Data engineer",false,"https://hh.ru/vacancy/69876645"
"69500080","2022-09-14T13:17:59+0300","Senior Data Scientist в b2c направление",false,"https://hh.ru/vacancy/69500080"
"69861199","2022-09-15T15:15:38+0300","Junior Backoffice Analyst",false,"https://hh.ru/vacancy/69861199"
"67733444","2022-09-14T13:25:08+0300","Data Analyst (удаленно)",true,"https://hh.ru/vacancy/67733444"
"69900837","2022-09-16T15:07:16+0300","Data Analyst",false,"https://hh.ru/vacancy/69900837"
"69674055","2022-09-15T19:03:42+0300","Data Engineer",false,"https://hh.ru/vacancy/69674055"
"69749682","2022-09-16T10:31:54+0300","Data Analyst (middle/senior)",false,"https://hh.ru/vacancy/69749682"
"67100424","2022-09-14T08:04:03+0300","Data-аналитик",false,"https://hh.ru/vacancy/67100424"
"69464620","2022-09-14T08:58:41+0300","Data Analyst (Middle/Senior)",false,"https://hh.ru/vacancy/69464620"
"69825729","2022-09-14T21:22:18+0300","Data аналитик (Big Data)",false,"https://hh.ru/vacancy/69825729"
"69755883","2022-09-16T11:59:57+0300","Data Engineer DWH",false,"https://hh.ru/vacancy/69755883"
"69904023","2022-09-16T15:55:55+0300","Data Analyst / Data Scientist",false,"https://hh.ru/vacancy/69904023"
"69811783","2022-09-14T14:36:19+0300","Data Engineer",false,"https://hh.ru/vacancy/69811783"
"69360960","2022-09-16T08:27:37+0300","Аналитик данных / Data Analyst (управленческая отчетность)",false,"https://hh.ru/vacancy/69360960"
"69868365","2022-09-15T17:23:38+0300","Data Analyst / Data Engineer (Junior/Junior+)",false,"https://hh.ru/vacancy/69868365"
